Sample_ID,Sample_Name,Sample_Plate,Sample_Well,I7_Index_ID,index,I5_Index_ID,index2,Sample_Project,Description
1,EPA_a1_xxx,Plate_E,A01,R902,TCCTCAGCC,F904,CTAATGCAC,,no_description
2,EPA_b1_xxx,Plate_E,B01,R902,TCCTCAGCC,F906,GATGGTTGT,,no_description
3,EPA_c1_xxx,Plate_E,C01,R902,TCCTCAGCC,F908,AAGGTGTTT,,no_description
4,EPA_d1_xxx,Plate_E,D01,R902,TCCTCAGCC,F916,AATTCGGAA,,no_description
5,EPA_e1_xxx,Plate_E,E01,R902,TCCTCAGCC,F927,GACCTTGCT,,no_description
6,EPA_f1_xxx,Plate_E,F01,R902,TCCTCAGCC,F934,TGCATCTGC,,no_description
7,EPA_g1_xxx,Plate_E,G01,R902,TCCTCAGCC,F935,GACGCGTTA,,no_description
8,EPA_h1_xxx,Plate_E,H01,R902,TCCTCAGCC,F936,AGCCTACTT,,no_description
9,EPA_a2_xxx,Plate_E,A02,R908,AAGACTCTT,F904,CTAATGCAC,,no_description
10,EPA_b2_xxx,Plate_E,B02,R908,AAGACTCTT,F906,GATGGTTGT,,no_description
11,EPA_c2_xxx,Plate_E,C02,R908,AAGACTCTT,F908,AAGGTGTTT,,no_description
12,EPA_d2_xxx,Plate_E,D02,R908,AAGACTCTT,F916,AATTCGGAA,,no_description
13,EPA_e2_xxx,Plate_E,E02,R908,AAGACTCTT,F927,GACCTTGCT,,no_description
14,EPA_f2_xxx,Plate_E,F02,R908,AAGACTCTT,F934,TGCATCTGC,,no_description
15,EPA_g2_xxx,Plate_E,G02,R908,AAGACTCTT,F935,GACGCGTTA,,no_description
16,EPA_h2_xxx,Plate_E,H02,R908,AAGACTCTT,F936,AGCCTACTT,,no_description
17,EPA_a3_xxx,Plate_E,A03,R911,GGGTTGTTA,F904,CTAATGCAC,,no_description
18,EPA_b3_xxx,Plate_E,B03,R911,GGGTTGTTA,F906,GATGGTTGT,,no_description
19,EPA_c3_xxx,Plate_E,C03,R911,GGGTTGTTA,F908,AAGGTGTTT,,no_description
20,EPA_d3_xxx,Plate_E,D03,R911,GGGTTGTTA,F916,AATTCGGAA,,no_description
21,EPA_e3_xxx,Plate_E,E03,R911,GGGTTGTTA,F927,GACCTTGCT,,no_description
22,EPA_f3_xxx,Plate_E,F03,R911,GGGTTGTTA,F934,TGCATCTGC,,no_description
23,EPA_g3_xxx,Plate_E,G03,R911,GGGTTGTTA,F935,GACGCGTTA,,no_description
24,EPA_h3_xxx,Plate_E,H03,R911,GGGTTGTTA,F936,AGCCTACTT,,no_description
25,EPA_a4_xxx,Plate_E,A04,R912,GAACTGTAT,F904,CTAATGCAC,,no_description
26,EPA_b4_xxx,Plate_E,B04,R912,GAACTGTAT,F906,GATGGTTGT,,no_description
27,EPA_c4_xxx,Plate_E,C04,R912,GAACTGTAT,F908,AAGGTGTTT,,no_description
28,EPA_d4_xxx,Plate_E,D04,R912,GAACTGTAT,F916,AATTCGGAA,,no_description
29,EPA_e4_xxx,Plate_E,E04,R912,GAACTGTAT,F927,GACCTTGCT,,no_description
30,EPA_f4_xxx,Plate_E,F04,R912,GAACTGTAT,F934,TGCATCTGC,,no_description
31,EPA_g4_xxx,Plate_E,G04,R912,GAACTGTAT,F935,GACGCGTTA,,no_description
32,EPA_h4_xxx,Plate_E,H04,R912,GAACTGTAT,F936,AGCCTACTT,,no_description
33,EPA_a5_xxx,Plate_E,A05,R913,GTTTATACT,F904,CTAATGCAC,,no_description
34,EPA_b5_xxx,Plate_E,B05,R913,GTTTATACT,F906,GATGGTTGT,,no_description
35,EPA_c5_xxx,Plate_E,C05,R913,GTTTATACT,F908,AAGGTGTTT,,no_description
36,EPA_d5_xxx,Plate_E,D05,R913,GTTTATACT,F916,AATTCGGAA,,no_description
37,EPA_e5_xxx,Plate_E,E05,R913,GTTTATACT,F927,GACCTTGCT,,no_description
38,EPA_f5_xxx,Plate_E,F05,R913,GTTTATACT,F934,TGCATCTGC,,no_description
39,EPA_g5_xxx,Plate_E,G05,R913,GTTTATACT,F935,GACGCGTTA,,no_description
40,EPA_h5_xxx,Plate_E,H05,R913,GTTTATACT,F936,AGCCTACTT,,no_description
41,EPA_a6_xxx,Plate_E,A06,R919,ACTCATGTA,F904,CTAATGCAC,,no_description
42,EPA_b6_xxx,Plate_E,B06,R919,ACTCATGTA,F906,GATGGTTGT,,no_description
43,EPA_c6_xxx,Plate_E,C06,R919,ACTCATGTA,F908,AAGGTGTTT,,no_description
44,EPA_d6_xxx,Plate_E,D06,R919,ACTCATGTA,F916,AATTCGGAA,,no_description
45,EPA_e6_xxx,Plate_E,E06,R919,ACTCATGTA,F927,GACCTTGCT,,no_description
46,EPA_f6_xxx,Plate_E,F06,R919,ACTCATGTA,F934,TGCATCTGC,,no_description
47,EPA_g6_xxx,Plate_E,G06,R919,ACTCATGTA,F935,GACGCGTTA,,no_description
48,EPA_h6_xxx,Plate_E,H06,R919,ACTCATGTA,F936,AGCCTACTT,,no_description
49,EPA_a7_xxx,Plate_E,A07,R920,ATTCGCTCT,F904,CTAATGCAC,,no_description
50,EPA_b7_xxx,Plate_E,B07,R920,ATTCGCTCT,F906,GATGGTTGT,,no_description
51,EPA_c7_xxx,Plate_E,C07,R920,ATTCGCTCT,F908,AAGGTGTTT,,no_description
52,EPA_d7_xxx,Plate_E,D07,R920,ATTCGCTCT,F916,AATTCGGAA,,no_description
53,EPA_e7_xxx,Plate_E,E07,R920,ATTCGCTCT,F927,GACCTTGCT,,no_description
54,EPA_f7_xxx,Plate_E,F07,R920,ATTCGCTCT,F934,TGCATCTGC,,no_description
55,EPA_g7_xxx,Plate_E,G07,R920,ATTCGCTCT,F935,GACGCGTTA,,no_description
56,EPA_h7_xxx,Plate_E,H07,R920,ATTCGCTCT,F936,AGCCTACTT,,no_description
57,EPA_a8_xxx,Plate_E,A08,R921,TCAGTACAT,F904,CTAATGCAC,,no_description
58,EPA_b8_xxx,Plate_E,B08,R921,TCAGTACAT,F906,GATGGTTGT,,no_description
59,EPA_c8_xxx,Plate_E,C08,R921,TCAGTACAT,F908,AAGGTGTTT,,no_description
60,EPA_d8_xxx,Plate_E,D08,R921,TCAGTACAT,F916,AATTCGGAA,,no_description
61,EPA_e8_xxx,Plate_E,E08,R921,TCAGTACAT,F927,GACCTTGCT,,no_description
62,EPA_f8_xxx,Plate_E,F08,R921,TCAGTACAT,F934,TGCATCTGC,,no_description
63,EPA_g8_xxx,Plate_E,G08,R921,TCAGTACAT,F935,GACGCGTTA,,no_description
64,EPA_h8_xxx,Plate_E,H08,R921,TCAGTACAT,F936,AGCCTACTT,,no_description
65,EPA_a9_xxx,Plate_E,A09,R922,TAAGGTAGC,F904,CTAATGCAC,,no_description
66,EPA_b9_xxx,Plate_E,B09,R922,TAAGGTAGC,F906,GATGGTTGT,,no_description
67,EPA_c9_xxx,Plate_E,C09,R922,TAAGGTAGC,F908,AAGGTGTTT,,no_description
68,EPA_d9_xxx,Plate_E,D09,R922,TAAGGTAGC,F916,AATTCGGAA,,no_description
69,EPA_e9_xxx,Plate_E,E09,R922,TAAGGTAGC,F927,GACCTTGCT,,no_description
70,EPA_f9_xxx,Plate_E,F09,R922,TAAGGTAGC,F934,TGCATCTGC,,no_description
71,EPA_g9_xxx,Plate_E,G09,R922,TAAGGTAGC,F935,GACGCGTTA,,no_description
72,EPA_h9_xxx,Plate_E,H09,R922,TAAGGTAGC,F936,AGCCTACTT,,no_description
73,EPA_a10_xxx,Plate_E,A10,R923,TGCATGACA,F904,CTAATGCAC,,no_description
74,EPA_b10_xxx,Plate_E,B10,R923,TGCATGACA,F906,GATGGTTGT,,no_description
75,EPA_c10_xxx,Plate_E,C10,R923,TGCATGACA,F908,AAGGTGTTT,,no_description
76,EPA_d10_xxx,Plate_E,D10,R923,TGCATGACA,F916,AATTCGGAA,,no_description
77,EPA_e10_xxx,Plate_E,E10,R923,TGCATGACA,F927,GACCTTGCT,,no_description
78,EPA_f10_xxx,Plate_E,F10,R923,TGCATGACA,F934,TGCATCTGC,,no_description
79,EPA_g10_xxx,Plate_E,G10,R923,TGCATGACA,F935,GACGCGTTA,,no_description
80,EPA_h10_xxx,Plate_E,H10,R923,TGCATGACA,F936,AGCCTACTT,,no_description
81,EPA_a11_xxx,Plate_E,A11,R924,GACTTCATT,F904,CTAATGCAC,,no_description
82,EPA_b11_xxx,Plate_E,B11,R924,GACTTCATT,F906,GATGGTTGT,,no_description
83,EPA_c11_xxx,Plate_E,C11,R924,GACTTCATT,F908,AAGGTGTTT,,no_description
84,EPA_d11_xxx,Plate_E,D11,R924,GACTTCATT,F916,AATTCGGAA,,no_description
85,EPA_e11_xxx,Plate_E,E11,R924,GACTTCATT,F927,GACCTTGCT,,no_description
86,EPA_f11_xxx,Plate_E,F11,R924,GACTTCATT,F934,TGCATCTGC,,no_description
87,EPA_g11_xxx,Plate_E,G11,R924,GACTTCATT,F935,GACGCGTTA,,no_description
88,EPA_h11_xxx,Plate_E,H11,R924,GACTTCATT,F936,AGCCTACTT,,no_description
89,EPA_a12_xxx,Plate_E,A12,R935,TAGCTCTTC,F904,CTAATGCAC,,no_description
90,EPA_b12_xxx,Plate_E,B12,R935,TAGCTCTTC,F906,GATGGTTGT,,no_description
91,EPA_c12_xxx,Plate_E,C12,R935,TAGCTCTTC,F908,AAGGTGTTT,,no_description
92,EPA_d12_xxx,Plate_E,D12,R935,TAGCTCTTC,F916,AATTCGGAA,,no_description
93,EPA_e12_xxx,Plate_E,E12,R935,TAGCTCTTC,F927,GACCTTGCT,,no_description
94,EPA_f12_xxx,Plate_E,F12,R935,TAGCTCTTC,F934,TGCATCTGC,,no_description
95,EPA_g12_xxx,Plate_E,G12,R935,TAGCTCTTC,F935,GACGCGTTA,,no_description
96,EPA_h12_xxx,Plate_E,H12,R935,TAGCTCTTC,F936,AGCCTACTT,,no_description
97,EPA_i1,Plate_I,A01,R902,TCCTCAGCC,F910,GGACTAAGA,,no_description
98,EPA_j1,Plate_I,B01,R902,TCCTCAGCC,F913,CGTAGATTT,,no_description
99,EPA_k1,Plate_I,C01,R902,TCCTCAGCC,F914,GCTCAGCTT,,no_description
100,EPA_l1,Plate_I,D01,R902,TCCTCAGCC,F915,GGTATCCTT,,no_description
101,EPA_m1,Plate_I,E01,R902,TCCTCAGCC,F923,GGTTAAGGC,,no_description
102,EPA_n1,Plate_I,F01,R902,TCCTCAGCC,F928,AGATTGAGT,,no_description
103,EPA_o1,Plate_I,G01,R902,TCCTCAGCC,F930,GCGATAGCA,,no_description
104,EPA_p1,Plate_I,H01,R902,TCCTCAGCC,F933,CCAAGTCGT,,no_description
105,EPA_i2,Plate_I,A02,R908,AAGACTCTT,F910,GGACTAAGA,,no_description
106,EPA_j2,Plate_I,B02,R908,AAGACTCTT,F913,CGTAGATTT,,no_description
107,EPA_k2,Plate_I,C02,R908,AAGACTCTT,F914,GCTCAGCTT,,no_description
108,EPA_l2,Plate_I,D02,R908,AAGACTCTT,F915,GGTATCCTT,,no_description
109,EPA_m2,Plate_I,E02,R908,AAGACTCTT,F923,GGTTAAGGC,,no_description
110,EPA_n2,Plate_I,F02,R908,AAGACTCTT,F928,AGATTGAGT,,no_description
111,EPA_o2,Plate_I,G02,R908,AAGACTCTT,F930,GCGATAGCA,,no_description
112,EPA_p2,Plate_I,H02,R908,AAGACTCTT,F933,CCAAGTCGT,,no_description
113,EPA_i3,Plate_I,A03,R911,GGGTTGTTA,F910,GGACTAAGA,,no_description
114,EPA_j3,Plate_I,B03,R911,GGGTTGTTA,F913,CGTAGATTT,,no_description
115,EPA_k3,Plate_I,C03,R911,GGGTTGTTA,F914,GCTCAGCTT,,no_description
116,EPA_l3,Plate_I,D03,R911,GGGTTGTTA,F915,GGTATCCTT,,no_description
117,EPA_m3,Plate_I,E03,R911,GGGTTGTTA,F923,GGTTAAGGC,,no_description
118,EPA_n3,Plate_I,F03,R911,GGGTTGTTA,F928,AGATTGAGT,,no_description
119,EPA_o3,Plate_I,G03,R911,GGGTTGTTA,F930,GCGATAGCA,,no_description
120,EPA_p3,Plate_I,H03,R911,GGGTTGTTA,F933,CCAAGTCGT,,no_description
121,EPA_i4,Plate_I,A04,R912,GAACTGTAT,F910,GGACTAAGA,,no_description
122,EPA_j4,Plate_I,B04,R912,GAACTGTAT,F913,CGTAGATTT,,no_description
123,EPA_k4,Plate_I,C04,R912,GAACTGTAT,F914,GCTCAGCTT,,no_description
124,EPA_l4,Plate_I,D04,R912,GAACTGTAT,F915,GGTATCCTT,,no_description
125,EPA_m4,Plate_I,E04,R912,GAACTGTAT,F923,GGTTAAGGC,,no_description
126,EPA_n4,Plate_I,F04,R912,GAACTGTAT,F928,AGATTGAGT,,no_description
127,EPA_o4,Plate_I,G04,R912,GAACTGTAT,F930,GCGATAGCA,,no_description
128,EPA_p4,Plate_I,H04,R912,GAACTGTAT,F933,CCAAGTCGT,,no_description
129,EPA_i5,Plate_I,A05,R913,GTTTATACT,F910,GGACTAAGA,,no_description
130,EPA_j5,Plate_I,B05,R913,GTTTATACT,F913,CGTAGATTT,,no_description
131,EPA_k5,Plate_I,C05,R913,GTTTATACT,F914,GCTCAGCTT,,no_description
132,EPA_l5,Plate_I,D05,R913,GTTTATACT,F915,GGTATCCTT,,no_description
133,EPA_m5,Plate_I,E05,R913,GTTTATACT,F923,GGTTAAGGC,,no_description
134,EPA_n5,Plate_I,F05,R913,GTTTATACT,F928,AGATTGAGT,,no_description
135,EPA_o5,Plate_I,G05,R913,GTTTATACT,F930,GCGATAGCA,,no_description
136,EPA_p5,Plate_I,H05,R913,GTTTATACT,F933,CCAAGTCGT,,no_description
137,EPA_i6,Plate_I,A06,R919,ACTCATGTA,F910,GGACTAAGA,,no_description
138,EPA_j6,Plate_I,B06,R919,ACTCATGTA,F913,CGTAGATTT,,no_description
139,EPA_k6,Plate_I,C06,R919,ACTCATGTA,F914,GCTCAGCTT,,no_description
140,EPA_l6,Plate_I,D06,R919,ACTCATGTA,F915,GGTATCCTT,,no_description
141,EPA_m6,Plate_I,E06,R919,ACTCATGTA,F923,GGTTAAGGC,,no_description
142,EPA_n6,Plate_I,F06,R919,ACTCATGTA,F928,AGATTGAGT,,no_description
143,EPA_o6,Plate_I,G06,R919,ACTCATGTA,F930,GCGATAGCA,,no_description
144,EPA_p6,Plate_I,H06,R919,ACTCATGTA,F933,CCAAGTCGT,,no_description
145,EPA_i7,Plate_I,A07,R920,ATTCGCTCT,F910,GGACTAAGA,,no_description
146,EPA_j7,Plate_I,B07,R920,ATTCGCTCT,F913,CGTAGATTT,,no_description
147,EPA_k7,Plate_I,C07,R920,ATTCGCTCT,F914,GCTCAGCTT,,no_description
148,EPA_l7,Plate_I,D07,R920,ATTCGCTCT,F915,GGTATCCTT,,no_description
149,EPA_m7,Plate_I,E07,R920,ATTCGCTCT,F923,GGTTAAGGC,,no_description
150,EPA_n7,Plate_I,F07,R920,ATTCGCTCT,F928,AGATTGAGT,,no_description
151,EPA_o7,Plate_I,G07,R920,ATTCGCTCT,F930,GCGATAGCA,,no_description
152,EPA_p7,Plate_I,H07,R920,ATTCGCTCT,F933,CCAAGTCGT,,no_description
153,EPA_i8,Plate_I,A08,R921,TCAGTACAT,F910,GGACTAAGA,,no_description
154,EPA_j8,Plate_I,B08,R921,TCAGTACAT,F913,CGTAGATTT,,no_description
155,EPA_k8,Plate_I,C08,R921,TCAGTACAT,F914,GCTCAGCTT,,no_description
156,EPA_l8,Plate_I,D08,R921,TCAGTACAT,F915,GGTATCCTT,,no_description
157,EPA_m8,Plate_I,E08,R921,TCAGTACAT,F923,GGTTAAGGC,,no_description
158,EPA_n8,Plate_I,F08,R921,TCAGTACAT,F928,AGATTGAGT,,no_description
159,EPA_o8,Plate_I,G08,R921,TCAGTACAT,F930,GCGATAGCA,,no_description
160,EPA_p8,Plate_I,H08,R921,TCAGTACAT,F933,CCAAGTCGT,,no_description
161,EPA_i9,Plate_I,A09,R922,TAAGGTAGC,F910,GGACTAAGA,,no_description
162,EPA_j9,Plate_I,B09,R922,TAAGGTAGC,F913,CGTAGATTT,,no_description
163,EPA_k9,Plate_I,C09,R922,TAAGGTAGC,F914,GCTCAGCTT,,no_description
164,EPA_l9,Plate_I,D09,R922,TAAGGTAGC,F915,GGTATCCTT,,no_description
165,EPA_m9,Plate_I,E09,R922,TAAGGTAGC,F923,GGTTAAGGC,,no_description
166,EPA_n9,Plate_I,F09,R922,TAAGGTAGC,F928,AGATTGAGT,,no_description
167,EPA_o9,Plate_I,G09,R922,TAAGGTAGC,F930,GCGATAGCA,,no_description
168,EPA_p9,Plate_I,H09,R922,TAAGGTAGC,F933,CCAAGTCGT,,no_description
169,EPA_i10,Plate_I,A10,R923,TGCATGACA,F910,GGACTAAGA,,no_description
170,EPA_j10,Plate_I,B10,R923,TGCATGACA,F913,CGTAGATTT,,no_description
171,EPA_k10,Plate_I,C10,R923,TGCATGACA,F914,GCTCAGCTT,,no_description
172,EPA_l10,Plate_I,D10,R923,TGCATGACA,F915,GGTATCCTT,,no_description
173,EPA_m10,Plate_I,E10,R923,TGCATGACA,F923,GGTTAAGGC,,no_description
174,EPA_n10,Plate_I,F10,R923,TGCATGACA,F928,AGATTGAGT,,no_description
175,EPA_o10,Plate_I,G10,R923,TGCATGACA,F930,GCGATAGCA,,no_description
176,EPA_p10,Plate_I,H10,R923,TGCATGACA,F933,CCAAGTCGT,,no_description
177,EPA_i11,Plate_I,A11,R924,GACTTCATT,F910,GGACTAAGA,,no_description
178,EPA_j11,Plate_I,B11,R924,GACTTCATT,F913,CGTAGATTT,,no_description
179,EPA_k11,Plate_I,C11,R924,GACTTCATT,F914,GCTCAGCTT,,no_description
180,EPA_l11,Plate_I,D11,R924,GACTTCATT,F915,GGTATCCTT,,no_description